Domain,DNS,First seen,Last seen
aningritoron.ru,A,176.103.49.219,20150630,20150701
aningutterbut.com,A,8.19.117.22,20150624,20150624
aningutterbut.com,A,77.246.146.74,20150624,20150625
appridefirstcom.com,A,91.219.28.5,20150616,20150622
arwahengo.ru,A,185.18.53.247,20150730,20150730
arwahengo.ru,A,193.26.217.209,20150722,20150722
banqulerroman.com,A,95.128.181.236,20150727,20150727
behesjusrat.com,A,151.248.113.8,20150625,20150626
butledtinve.ru,A,92.222.98.108,20150805,20150806
continental-transit-mail.com,A,91.220.131.109,20150423,20150519
continental-transitmail.com,A,91.220.131.109,20150518,20150518
cyheckledand.com,A,144.76.232.44,20150629,20150630
dcfastgroup.com,A,104.207.150.236,20150601,20150806
deadfishup.com,A,178.208.78.76,20150623,20150705
debulittro.com,A,188.138.108.153,20150624,20150711
doclibrarymk.com,A,91.217.90.137,20150513,20150518
docscountry.com,A,62.76.179.132,20150511,20150513
docscountry.com,A,199.59.243.120,20150716,20150721
doctrashformater.com,A,91.226.212.142,20150603,20150604
document-fast-cloud.com,A,91.194.254.236,20150505,20150513
document-organizer.com,A,178.208.91.229,20150420,20150809
document-qiew-online.com,A,127.0.0.1,20150519,20150519
document-searcher.com,A,46.30.42.177,20150423,20150724
document-view-online.com,A,178.208.91.229,20150426,20150426
documentfacilitysec.com,A,206.54.183.106,20150603,20150603
documentsecurestorage.com,A,178.208.91.229,20150420,20150519
doqument-view-online.com,A,91.194.254.236,20150420,20150503
dortwindfayer.com,A,92.63.96.8,20150603,20150604
dortwindfayer.com,A,213.152.181.66,20150602,20150603
dream-hoster.com,A,91.220.131.17,20150711,20150711
durtixfanew.com,A,185.8.60.231,20150427,20150502
etritanfe.ru,A,176.111.63.100,20150706,20150706
eventjohnmihim.ru,A,146.120.110.147,20150716,20150716
faetsandrep.ru,A,93.171.202.172,20150810,20150810
fastdrozdfund.com,A,38.84.134.207,20150505,20150505
fastssamplestrash.com,A,31.41.42.119,20150519,20150520
fastssamplestrash.com,A,67.215.66.146,20150520,20150520
faststornet.com,A,188.127.249.198,20150506,20150810
fenesihert.ru,A,62.173.145.8,20150730,20150730
ferginestor.com,A,104.236.11.88,20150505,20150508
ferginestor.com,A,199.59.243.120,20150629,20150702
fifibabok.com,A,109.234.37.184,20150522,20150527
finder777.com,A,194.6.233.37,20150807,20150807
fohenroprab.com,A,188.138.108.153,20150623,20150628
forcaltonttof.com,A,109.234.34.57,20150615,20150616
fordahecbet.ru,A,148.251.34.82,20150806,20150806
formaterdocstras.com,A,91.226.212.142,20150520,20150603
fortgureket.ru,A,92.222.98.108,20150811,20150811
fuckingsfish.com,A,80.78.245.84,20150519,20150730
funnyinvoiceorg.com,A,5.196.241.203,20150520,20150529
gotthendiran.com,A,193.36.35.78,20150628,20150713
gutotdolo.ru,A,62.75.196.124,20150701,20150702
hapbetrowpar.ru,A,146.120.110.147,20150707,20150711
hapbetrowpar.ru,A,185.18.53.247,20150802,20150809
hapwroncihen.ru,A,62.75.196.124,20150701,20150713
hapwroncihen.ru,A,144.76.232.44,20150630,20150630
harropthenthe.ru,A,146.120.110.147,20150720,20150720
hecunvelac.ru,A,188.120.246.249,20150729,20150730
hedattoftle.ru,A,92.222.98.108,20150806,20150806
herssofhaprigh.ru,A,46.166.168.79,20150709,20150709
herstianingun.ru,A,62.75.196.124,20150707,20150711
herstianingun.ru,A,185.18.53.247,20150802,20150809
hetonshanver.ru,A,148.251.34.82,20150804,20150804
hisruboti.ru,A,188.138.108.153,20150629,20150728
ie-form.net,A,91.220.131.241,20150626,20150808
iecomp-mail.com,A,91.220.131.109,20150712,20150721
infelitthec.ru,A,176.103.48.223,20150723,20150727
infodocslibmanagers.com,A,91.194.254.82,20150514,20150519
inpahauld.ru,A,185.87.48.200,20150723,20150723
integrated-express.com,A,91.220.131.241,20150609,20150809
intexpressform.com,A,8.8.8.8,20150612,20150806
intexpressform.com,A,91.220.131.241,20150609,20150612
invoicebankstore.com,A,206.54.183.106,20150603,20150603
invoiceformater.com,A,95.213.147.98,20150512,20150515
invoicelibrary.com,A,89.144.2.154,20150513,20150513
invoicelibrary.com,A,162.244.32.164,20150513,20150809
invoiceseclib.com,A,191.101.20.165,20150504,20150506
invoicewindow.com,A,46.30.42.177,20150422,20150503
ireqinvoiceparm.com,A,31.41.42.119,20150513,20150515
johnmiheventim.ru,A,93.171.202.172,20150729,20150729
johnmiheventim.ru,A,185.18.53.247,20150730,20150810
justhegthathen.ru,A,46.166.168.79,20150706,20150706
kesedrathow.ru,A,146.120.110.147,20150708,20150709
leftterbutbet.ru,A,148.251.34.82,20150805,20150810
lerentoftjohn.ru,A,146.120.110.147,20150713,20150714
lerentoftjohn.ru,A,185.18.53.247,20150802,20150810
logmein-security.com,A,93.189.42.18,20150609,20150609
logottitne.com,A,144.76.232.44,20150617,20150621
maininvoicegate.com,A,46.30.42.177,20150422,20150807
maininvoicegate.com,A,67.215.66.146,20150421,20150421
maininvoicegate.com,A,91.221.36.140,20150421,20150423
manterinvoice.com,A,91.217.90.137,20150511,20150720
manydocsfastrack.com,A,62.76.179.132,20150512,20150514
menstoreins.com,A,104.236.11.88,20150507,20150717
midehefo.ru,A,146.120.110.147,20150721,20150721
midehefo.ru,A,193.169.86.174,20150722,20150723
modelstarinvo.com,A,93.170.131.30,20150519,20150522
modelstarinvo.com,A,199.59.243.120,20150730,20150803
moskalskiybodun.com,A,91.200.14.95,20150527,20150529
moskalvtumane.com,A,78.136.221.141,20150602,20150603
mydocumentsholder.com,A,93.189.42.8,20150513,20150708
myfishdown.com,A,80.78.245.84,20150510,20150809
myrorecrab.com,A,5.63.154.158,20150617,20150702
mystoredoc.com,A,188.127.249.198,20150507,20150710
nasedrontit.com,A,89.144.2.154,20150625,20150809
nasedrontit.com,A,185.91.175.94,20150726,20150731
navicompany.com,A,91.220.131.109,20150708,20150809
nestorganje.com,A,62.76.179.132,20150506,20150514
nestorganje.com,A,199.59.243.120,20150717,20150717
netshipgroup.com,A,104.207.150.236,20150715,20150809
ninghaprewrof.ru,A,93.171.202.172,20150730,20150730
nohissandbo.ru,A,146.120.110.147,20150709,20150709
notleftrofugh.ru,A,146.120.110.147,20150714,20150716
notleftrofugh.ru,A,185.18.52.127,20150802,20150810
nycosedfor.ru,A,176.31.66.130,20150722,20150722
ondereteveng.ru,A,185.18.52.127,20150730,20150810
padetitdidn.com,A,93.171.202.158,20150615,20150621
pardijusat.ru,A,148.251.34.82,20150810,20150810
pardijusat.ru,A,148.251.34.82,20150810,20150810
parterledhed.com,A,151.248.113.8,20150617,20150623
pasnirthland.com,A,79.124.13.18,20150605,20150606
pasnirthland.com,A,91.221.36.165,20150602,20150605
pebulelet.ru,A,185.18.52.127,20150802,20150810
pebulelet.ru,A,193.169.86.174,20150714,20150716
pizdetshuiovosboduna.com,A,193.36.35.78,20150527,20150602
podvigtitanika.com,A,151.80.72.64,20150603,20150604
poly-poly.net,A,91.220.131.16,20150612,20150613
randomwfu365.com,A,91.194.254.224,20150415,20150417
ranrianinghers.ru,A,46.166.168.79,20150707,20150711
rearmheadfire.com,A,185.86.76.168,20150520,20150728
rearmheadfire.com,A,199.59.243.120,20150728,20150803
rebettheligh.ru,A,185.18.52.127,20150730,20150810
rebledughid.com,A,5.63.154.158,20150625,20150627
redesparda.com,A,77.246.146.74,20150623,20150628
redwithtertreb.ru,A,93.171.202.172,20150729,20150729
renrefhedked.ru,A,176.103.48.223,20150713,20150715
renrefhedked.ru,A,185.18.52.127,20150802,20150810
renwitedrom.ru,A,193.26.217.209,20150722,20150722
righthetoneca.ru,A,193.169.86.174,20150716,20150717
rinheckguny.ru,A,46.166.168.79,20150708,20150708
rosupletwas.com,A,188.138.108.153,20150701,20150707
sabotierfirst.com,A,95.128.181.236,20150803,20150803
salecheapflight.com,A,91.238.83.110,20150425,20150426
saloross.com,A,46.161.40.108,20150607,20150805
sampledocstrash.com,A,46.4.145.94,20150511,20150720
secureinvoicedocs.com,A,67.215.66.146,20150520,20150702
sestoreinv.com,A,62.76.179.132,20150507,20150512
shareinvoicelib.com,A,67.215.66.146,20150520,20150702
sofforjeclet.ru,A,193.169.86.174,20150708,20150708
somedocushare.com,A,67.215.66.146,20150521,20150702
somedocushare.com,A,191.101.20.165,20150513,20150809
sparwasssinve.ru,A,185.87.48.200,20150722,20150722
starinvoicemodel.com,A,185.17.121.148,20150513,20150513
talahedtug.ru,A,93.171.202.172,20150811,20150811
tanhadhidown.ru,A,193.169.86.174,20150709,20150711
thenjechap.com,A,84.19.176.23,20150618,20150619
thenlouldnot.ru,A,176.31.66.130,20150722,20150722
thettoortoft.ru,A,62.75.196.124,20150706,20150707
ticalharked.ru,A,193.169.86.174,20150713,20150715
titanikvmoskalii.com,A,78.46.236.2,20150604,20150616
tofthenningref.com,A,23.29.118.23,20150624,20150701
toldbiledin.ru,A,92.222.98.108,20150810,20150810
toldontinwi.ru,A,46.166.168.79,20150701,20150701
toldronher.com,A,91.203.5.186,20150610,20150613
tonsulddijus.ru,A,93.171.202.172,20150804,20150804
torsmimyred.ru,A,62.173.145.8,20150728,20150729
torssedbabbe.com,A,93.189.42.8,20150623,20150705
trash4docs.com,A,191.101.21.219,20150609,20150623
trashdocformat.com,A,46.30.42.234,20150608,20150609
trashformatdocer.com,A,46.30.42.234,20150604,20150605
trbestbuy.com,A,195.62.52.35,20150626,20150626
tumanimoskal.com,A,78.136.221.141,20150603,20150603
tumanmoskalskiy.com,A,88.198.231.109,20150604,20150607
tumanvmoskalii.com,A,94.242.57.106,20150608,20150614
ughimsinna.ru,A,176.31.66.130,20150723,20150802
uldhowhedtca.ru,A,62.173.145.8,20150804,20150804
undmiredhem.ru,A,176.111.63.100,20150630,20150713
undvemofo.ru,A,93.171.202.172,20150805,20150810
uttejustrep.ru,A,93.171.202.172,20150806,20150806
veetdohi.ru,A,176.103.48.223,20150714,20150715
veetdohi.ru,A,185.18.53.247,20150809,20150810
veronefosof.com,A,23.29.118.23,20150623,20150625
video-promo.org,A,95.211.197.232,20150602,20150804
video-promo.org,A,107.170.217.209,20150803,20150809
wantools40.com,A,185.17.121.148,20150418,20150626
wastolddinghes.ru,A,188.120.246.249,20150730,20150801
withetborom.ru,A,148.251.34.82,20150811,20150811
wituldwihow.com,A,176.111.63.100,20150629,20150730
workwithdocuments.com,A,67.215.66.146,20150520,20150702
worldshipone.net,A,31.184.192.214,20150626,20150731
wrononeratwass.ru,A,62.173.145.8,20150729,20150729
